{"Mainland China": {"Latitude": 35.86166, "Longitude": 104.195397}, "Italy": {"Latitude": 41.87194, "Longitude": 12.56738}, "Iran (Islamic Republic of)": {"Latitude": 32.427908, "Longitude": 53.688046}, "Republic of Korea": {"Latitude": 35.907757, "Longitude": 127.766922}, "France": {"Latitude": 46.227638, "Longitude": 2.213749}, "Spain": {"Latitude": 40.46366700000001, "Longitude": -3.74922}, "Germany": {"Latitude": 51.165691, "Longitude": 10.451526}, "Others": {"Latitude": 46.8787463, "Longitude": -96.7878922}, "Japan": {"Latitude": 36.204824, "Longitude": 138.252924}, "Switzerland": {"Latitude": 46.818188, "Longitude": 8.227511999999999}, "Norway": {"Latitude": 60.47202399999999, "Longitude": 8.468945999999999}, "Netherlands": {"Latitude": 52.132633, "Longitude": 5.291265999999999}, "UK": {"Latitude": 55.378051, "Longitude": -3.435973}, "Sweden": {"Latitude": 60.12816100000001, "Longitude": 18.643501}, "Belgium": {"Latitude": 50.503887, "Longitude": 4.469936}, "US": {"Latitude": 37.09024, "Longitude": -95.712891}, "Denmark": {"Latitude": 56.26392, "Longitude": 9.501785}, "Austria": {"Latitude": 47.516231, "Longitude": 14.550072}, "Singapore": {"Latitude": 1.352083, "Longitude": 103.819836}, "Malaysia": {"Latitude": 4.210484, "Longitude": 101.975766}, "Hong Kong SAR": {"Latitude": 22.3193039, "Longitude": 114.1693611}, "Bahrain": {"Latitude": 26.0667, "Longitude": 50.5577}, "Greece": {"Latitude": 39.074208, "Longitude": 21.824312}, "United Arab Emirates": {"Latitude": 23.424076, "Longitude": 53.847818}, "Iraq": {"Latitude": 33.223191, "Longitude": 43.679291}, "Iceland": {"Latitude": 64.963051, "Longitude": -19.020835}, "Kuwait": {"Latitude": 29.31166, "Longitude": 47.481766}, "Egypt": {"Latitude": 26.820553, "Longitude": 30.802498}, "Israel": {"Latitude": 31.046051, "Longitude": 34.851612}, "India": {"Latitude": 20.593684, "Longitude": 78.96288}, "Australia": {"Latitude": -25.274398, "Longitude": 133.775136}, "Thailand": {"Latitude": 15.870032, "Longitude": 100.992541}, "San Marino": {"Latitude": 43.94236, "Longitude": 12.457777}, "Taipei and environs": {"Latitude": 25.0329694, "Longitude": 121.5654177}, "Czech Republic": {"Latitude": 49.81749199999999, "Longitude": 15.472962}, "Lebanon": {"Latitude": 33.854721, "Longitude": 35.862285}, "Portugal": {"Latitude": 39.39987199999999, "Longitude": -8.224454}, "Finland": {"Latitude": 61.92410999999999, "Longitude": 25.7481511}, "Canada": {"Latitude": 56.130366, "Longitude": -106.346771}, "Ireland": {"Latitude": 53.1423672, "Longitude": -7.692053599999999}, "Philippines": {"Latitude": 12.879721, "Longitude": 121.774017}, "Brazil": {"Latitude": -14.235004, "Longitude": -51.92528}, "Slovenia": {"Latitude": 46.151241, "Longitude": 14.995463}, "Viet Nam": {"Latitude": 14.058324, "Longitude": 108.277199}, "Indonesia": {"Latitude": -0.789275, "Longitude": 113.921327}, "Romania": {"Latitude": 45.943161, "Longitude": 24.96676}, "occupied Palestinian territory": {"Latitude": 31.952162, "Longitude": 35.233154}, "Qatar": {"Latitude": 25.354826, "Longitude": 51.183884}, "Poland": {"Latitude": 51.919438, "Longitude": 19.145136}, "Algeria": {"Latitude": 28.033886, "Longitude": 1.659626}, "Saudi Arabia": {"Latitude": 23.885942, "Longitude": 45.079162}, "Oman": {"Latitude": 21.4735329, "Longitude": 55.975413}, "Argentina": {"Latitude": -38.416097, "Longitude": -63.61667199999999}, "Pakistan": {"Latitude": 30.375321, "Longitude": 69.34511599999999}, "Ecuador": {"Latitude": -1.831239, "Longitude": -78.18340599999999}, "Georgia": {"Latitude": 32.1656221, "Longitude": -82.9000751}, "Croatia": {"Latitude": 45.1, "Longitude": 15.2000001}, "Chile": {"Latitude": -35.675147, "Longitude": -71.542969}, "Estonia": {"Latitude": 58.595272, "Longitude": 25.0136071}, "Azerbaijan": {"Latitude": 40.143105, "Longitude": 47.576927}, "Peru": {"Latitude": -9.189967, "Longitude": -75.015152}, "Albania": {"Latitude": 41.153332, "Longitude": 20.168331}, "Macao SAR": {"Latitude": 22.198745, "Longitude": 113.543873}, "Russian Federation": {"Latitude": 61.52401, "Longitude": 105.318756}, "Belarus": {"Latitude": 53.709807, "Longitude": 27.953389}, "Costa Rica": {"Latitude": 9.748916999999999, "Longitude": -83.753428}, "Hungary": {"Latitude": 47.162494, "Longitude": 19.5033041}, "Latvia": {"Latitude": 56.879635, "Longitude": 24.603189}, "Mexico": {"Latitude": 23.634501, "Longitude": -102.552784}, "North Macedonia": {"Latitude": 41.608635, "Longitude": 21.745275}, "Slovakia": {"Latitude": 48.669026, "Longitude": 19.699024}, "South Africa": {"Latitude": -30.559482, "Longitude": 22.937506}, "Maldives": {"Latitude": 3.202778, "Longitude": 73.22068}, "Afghanistan": {"Latitude": 33.93911, "Longitude": 67.709953}, "Bosnia and Herzegovina": {"Latitude": 43.915886, "Longitude": 17.679076}, "Dominican Republic": {"Latitude": 18.735693, "Longitude": -70.162651}, "French Guiana": {"Latitude": 3.933889, "Longitude": -53.125782}, "Luxembourg": {"Latitude": 49.815273, "Longitude": 6.129582999999999}, "Malta": {"Latitude": 35.937496, "Longitude": 14.375416}, "New Zealand": {"Latitude": -40.900557, "Longitude": 174.885971}, "Serbia": {"Latitude": 44.016521, "Longitude": 21.005859}, "Tunisia": {"Latitude": 33.886917, "Longitude": 9.537499}, "Bulgaria": {"Latitude": 42.733883, "Longitude": 25.48583}, "Senegal": {"Latitude": 14.497401, "Longitude": -14.452362}, "Bangladesh": {"Latitude": 23.684994, "Longitude": 90.356331}, "Colombia": {"Latitude": 4.570868, "Longitude": -74.297333}, "Cyprus": {"Latitude": 35.126413, "Longitude": 33.429859}, "Morocco": {"Latitude": 31.791702, "Longitude": -7.092619999999999}, "Republic of Moldova": {"Latitude": 47.411631, "Longitude": 28.369885}, "Cambodia": {"Latitude": 12.565679, "Longitude": 104.990963}, "Cameroon": {"Latitude": 7.369721999999999, "Longitude": 12.354722}, "Faroe Islands": {"Latitude": 61.89263500000001, "Longitude": -6.9118061}, "Martinique": {"Latitude": 14.641528, "Longitude": -61.024174}, "Nigeria": {"Latitude": 9.081999, "Longitude": 8.675277}, "Saint Martin": {"Latitude": 18.0708298, "Longitude": -63.0500809}, "Andorra": {"Latitude": 42.506285, "Longitude": 1.521801}, "Armenia": {"Latitude": 40.069099, "Longitude": 45.038189}, "Bhutan": {"Latitude": 27.514162, "Longitude": 90.433601}, "Brunei": {"Latitude": 4.535277, "Longitude": 114.727669}, "Burkina Faso": {"Latitude": 12.238333, "Longitude": -1.561593}, "Channel Islands": {"Latitude": 33.4506004, "Longitude": -119.3791204}, "Gibraltar": {"Latitude": 36.140751, "Longitude": -5.353585}, "Holy See": {"Latitude": 40.7508663, "Longitude": -73.97996669999999}, "Jordan": {"Latitude": 40.740557, "Longitude": -73.98584269999999}, "Liechtenstein": {"Latitude": 47.166, "Longitude": 9.555373}, "Lithuania": {"Latitude": 55.169438, "Longitude": 23.881275}, "Monaco": {"Latitude": 43.73841760000001, "Longitude": 7.424615799999999}, "Mongolia": {"Latitude": 46.862496, "Longitude": 103.846656}, "Nepal": {"Latitude": 28.394857, "Longitude": 84.12400799999999}, "Panama": {"Latitude": 8.537981, "Longitude": -80.782127}, "Paraguay": {"Latitude": -23.442503, "Longitude": -58.443832}, "Saint Barthelemy": {"Latitude": 17.9, "Longitude": -62.833333}, "Sri Lanka": {"Latitude": 7.873053999999999, "Longitude": 80.77179699999999}, "Togo": {"Latitude": 8.619543, "Longitude": 0.824782}, "Ukraine": {"Latitude": 48.379433, "Longitude": 31.1655799}}